updated,country,cases,todayCases,deaths,todayDeaths,recovered,todayRecovered,active,critical,casesPerOneMillion,deathsPerOneMillion,tests,testsPerOneMillion,population,continent,oneCasePerPeople,oneDeathPerPeople,oneTestPerPeople,activePerOneMillion,recoveredPerOneMillion,criticalPerOneMillion,countryInfo._id,countryInfo.iso2,countryInfo.iso3,countryInfo.lat,countryInfo.long,countryInfo.flag,vaccinations,vaccination_percentage
1666634403118,Afghanistan,202199,50,7818,0,180190,18,14191,1124,4961,192,1127856,27674,40754388,Asia,202,5213,36,348.21,4421.36,27.58,4.0,AF,AFG,33.0,65.0,https://disease.sh/assets/img/flags/af.png,11977773,29.390143215989404
1666634403008,Albania,332772,0,3591,0,327594,0,1587,0,116095,1253,1941032,677173,2866374,Europe,9,798,1,553.66,114288.64,0.0,8.0,AL,ALB,41.0,20.0,https://disease.sh/assets/img/flags/al.png,2991576,104.36795756590034
1666634403013,Algeria,270783,0,6881,0,182387,0,81515,0,5971,152,230861,5091,45350148,Africa,167,6591,196,1797.46,4021.75,0.0,12.0,DZ,DZA,28.0,3.0,https://disease.sh/assets/img/flags/dz.png,15267442,33.66569388042571
1666634403223,Andorra,46449,0,155,0,46151,0,143,14,599628,2001,249838,3225256,77463,Europe,2,500,0,1846.04,595781.21,180.73,20.0,AD,AND,42.5,1.6,https://disease.sh/assets/img/flags/ad.png,154320,199.2176910266837
1666634403137,Angola,103131,0,1917,0,101155,0,59,0,2944,55,1499795,42818,35027343,Africa,340,18272,23,1.68,2887.89,0.0,24.0,AO,AGO,-12.5,18.5,https://disease.sh/assets/img/flags/ao.png,22696229,64.79574828156393
1666634403421,Anguilla,3866,0,12,0,3849,0,5,4,253841,788,51382,3373736,15230,North America,4,1269,0,328.3,252724.89,262.64,660.0,AI,AIA,18.25,-63.1667,https://disease.sh/assets/img/flags/ai.png,24412,160.28890347997373
1666634403395,Antigua and Barbuda,9106,0,146,0,8954,0,6,1,91509,1467,18901,189943,99509,North America,11,682,5,60.3,89981.81,10.05,28.0,AG,ATG,17.05,-61.8,https://disease.sh/assets/img/flags/ag.png,136512,137.18558120371023
1666634402419,Argentina,9717546,0,129979,0,9581385,840,6182,259,211204,2825,35716069,776264,46010234,South America,5,354,1,134.36,208244.65,5.63,32.0,AR,ARG,-34.0,-64.0,https://disease.sh/assets/img/flags/ar.png,109827384,238.7020765858309
1666634402929,Armenia,444869,0,8706,0,433602,0,2561,0,149688,2929,3223133,1084512,2971966,Asia,7,341,1,861.72,145897.36,0.0,51.0,AM,ARM,40.0,45.0,https://disease.sh/assets/img/flags/am.png,2150112,72.34645349240199
1666634403226,Aruba,43291,0,232,0,42438,0,621,2,402299,2156,177885,1653068,107609,North America,2,464,1,5770.89,394372.22,18.59,533.0,AW,ABW,12.5,-69.9667,https://disease.sh/assets/img/flags/aw.png,173650,161.37126076815136
1666634402417,Australia,10343747,920,15569,0,10216900,0,111278,38,396787,597,78835048,3024116,26068792,Australia-Oceania,3,1674,0,4268.63,391920.73,1.46,36.0,AU,AUS,-27.0,133.0,https://disease.sh/assets/img/flags/au.png,58494109,224.38365767006005
1666634402495,Austria,5402162,3557,20899,0,5293119,12057,88144,47,595824,2305,199625374,22017399,9066710,Europe,2,434,0,9721.72,583797.1,5.18,40.0,AT,AUT,47.3333,13.3333,https://disease.sh/assets/img/flags/at.png,19719587,217.49440535762145
1666634402820,Azerbaijan,822959,5,9937,0,812677,15,345,0,79897,965,7307057,709409,10300205,Asia,13,1037,1,33.49,78899.11,0.0,31.0,AZ,AZE,40.5,47.5,https://disease.sh/assets/img/flags/az.png,13857111,134.53238066621006
1666634403291,Bahamas,37334,0,833,0,36226,0,275,2,93215,2080,248846,621314,400516,North America,11,481,2,686.61,90448.32,4.99,44.0,BS,BHS,24.25,-76.0,https://disease.sh/assets/img/flags/bs.png,362968,90.62509362921831
1666634402830,Bahrain,687591,0,1524,0,683832,0,2235,4,385425,854,10461277,5864000,1783983,Asia,3,1171,0,1252.81,383317.55,2.24,48.0,BH,BHR,26.0,50.55,https://disease.sh/assets/img/flags/bh.png,3473111,194.6829650282542
1666634402620,Bangladesh,2034348,207,29415,2,1978306,390,26627,1331,12117,175,14975902,89203,167885689,Asia,83,5707,11,158.6,11783.65,7.93,50.0,BD,BGD,24.0,90.0,https://disease.sh/assets/img/flags/bd.png,317493457,189.11287727448885
1666634403138,Barbados,103014,0,560,0,102024,0,430,0,357659,1944,770100,2673745,288023,North America,3,514,0,1492.94,354221.71,0.0,52.0,BB,BRB,13.1667,-59.5333,https://disease.sh/assets/img/flags/bb.png,380666,132.16513958954667
1666634402729,Belarus,994037,0,7118,0,985592,0,1327,0,105381,755,13646641,1446722,9432800,Europe,9,1325,1,140.68,104485.62,0.0,112.0,BY,BLR,53.0,28.0,https://disease.sh/assets/img/flags/by.png,16102869,170.71144304978375
1666634402534,Belgium,4602438,0,32846,0,4494915,1830,74677,85,394440,2815,35863342,3073576,11668278,Europe,3,355,0,6400.0,385225.22,7.28,56.0,BE,BEL,50.8333,4.0,https://disease.sh/assets/img/flags/be.png,28782590,246.6738451037934
1666634403199,Belize,68926,0,687,0,68215,0,24,6,167219,1667,576016,1397453,412190,North America,6,600,1,58.23,165494.07,14.56,84.0,BZ,BLZ,17.25,-88.75,https://disease.sh/assets/img/flags/bz.png,501240,121.60411460734129
1666634403302,Benin,27782,0,163,0,27464,0,155,5,2173,13,604310,47268,12784726,Africa,460,78434,21,12.12,2148.19,0.39,204.0,BJ,BEN,9.5,2.25,https://disease.sh/assets/img/flags/bj.png,3692096,28.87896072234947
1666634403318,Bermuda,18340,0,148,0,18127,0,65,0,296098,2389,1014158,16373497,61939,North America,3,419,0,1049.42,292658.91,0.0,60.0,BM,BMU,32.3333,-64.75,https://disease.sh/assets/img/flags/bm.png,132042,213.18071005343967
1666634403206,Bhutan,62248,0,21,0,61564,0,663,0,79001,27,2303734,2923739,787941,Asia,13,37521,0,841.43,78132.75,0.0,64.0,BT,BTN,27.5,90.5,https://disease.sh/assets/img/flags/bt.png,2010132,255.1119944259786
1666634402719,Bolivia,1109238,0,22239,0,1063934,0,23065,220,92493,1854,2705422,225590,11992656,South America,11,539,4,1923.26,88715.46,18.34,68.0,BO,BOL,-17.0,-65.0,https://disease.sh/assets/img/flags/bo.png,14690530,122.49605091649423
1666634402930,Bosnia,399719,56,16166,1,377458,91,6095,0,123016,4975,1871069,575835,3249317,Europe,8,201,2,1875.78,116165.34,0.0,70.0,BA,BIH,44.0,18.0,https://disease.sh/assets/img/flags/ba.png,1924950,59.2416806362691
1666634403009,Botswana,326344,0,2790,0,322955,0,599,1,133684,1143,2026898,830300,2441162,Africa,7,875,1,245.37,132295.6,0.41,72.0,BW,BWA,-22.0,24.0,https://disease.sh/assets/img/flags/bw.png,2891400,118.44359366563957
1666634402328,Brazil,34830752,0,687680,0,33998942,0,144130,8318,161738,3193,63776166,296146,215353593,South America,6,313,3,669.27,157874.97,38.62,76.0,BR,BRA,-10.0,-55.0,https://disease.sh/assets/img/flags/br.png,473101996,219.6861400868292
1666634403402,British Virgin Islands,7305,0,64,0,0,0,7241,0,238757,2092,107339,3508269,30596,North America,4,478,0,236664.92,0.0,0.0,92.0,VG,VGB,18.5,-64.5,https://disease.sh/assets/img/flags/vg.png,41453,135.48503072297032
1666634403098,Brunei,234582,0,225,0,222140,0,12217,3,526640,505,717784,1611437,445431,Asia,2,1980,1,27427.37,498707.99,6.74,96.0,BN,BRN,4.5,114.6667,https://disease.sh/assets/img/flags/bn.png,1278500,287.02537542290503
1666634402636,Bulgaria,1274336,0,37821,0,1226248,0,10267,58,186181,5526,10668735,1558709,6844597,Europe,5,181,1,1500.02,179155.62,8.47,100.0,BG,BGR,43.0,25.0,https://disease.sh/assets/img/flags/bg.png,4572487,66.80432755938736
1666634403309,Burkina Faso,21631,0,387,0,21143,0,101,0,979,18,248995,11265,22102838,Africa,1022,57113,89,4.57,956.57,0.0,854.0,BF,BFA,13.0,-2.0,https://disease.sh/assets/img/flags/bf.png,4070678,18.41699242423077
1666634403209,Burundi,50452,39,38,0,50169,10,245,0,3996,3,345742,27386,12624840,Africa,250,332233,37,19.41,3973.83,0.0,108.0,BI,BDI,-3.5,30.0,https://disease.sh/assets/img/flags/bi.png,24236,0.19197074972831338
1666634403205,Cabo Verde,62397,0,410,0,61923,0,64,23,109916,722,401622,707482,567678,Africa,9,1385,1,112.74,109081.2,40.52,132.0,CV,CPV,16.0,-24.0,https://disease.sh/assets/img/flags/cv.png,859940,151.48376368293293
1666634403134,Cambodia,137979,0,3056,0,134902,9,21,0,8037,178,3091420,180062,17168639,Asia,124,5618,6,1.22,7857.47,0.0,116.0,KH,KHM,13.0,105.0,https://disease.sh/assets/img/flags/kh.png,44203568,257.4669314207143
1666634403136,Cameroon,121652,0,1935,0,118616,0,1101,13,4358,69,1751774,62762,27911548,Africa,229,14425,16,39.45,4249.71,0.47,120.0,CM,CMR,6.0,12.0,https://disease.sh/assets/img/flags/cm.png,1901047,6.810969423838477
1666634402535,Canada,4314718,0,46025,0,4192627,2592,76066,99,112396,1199,65558668,1707772,38388419,North America,9,834,1,1981.48,109215.93,2.58,124.0,CA,CAN,60.0,-95.0,https://disease.sh/assets/img/flags/ca.png,91760269,239.0311229019356
1666634403390,Caribbean Netherlands,11315,0,36,0,10476,0,803,0,424626,1351,30126,1130559,26647,North America,2,740,1,30134.72,393139.94,0.0,535.0,BQ,BES,12.2,-68.26,https://disease.sh/assets/img/flags/bq.png,35845,134.51795699328255
1666634403297,Cayman Islands,30926,0,34,0,8553,0,22339,1,459682,505,222773,3311280,67277,North America,2,1979,0,332045.13,127131.11,14.86,136.0,KY,CYM,19.5,-80.5,https://disease.sh/assets/img/flags/ky.png,149153,221.69983798326322
1666634403327,Central African Republic,15151,0,113,0,14536,0,502,2,3020,23,81294,16205,5016678,Africa,331,44395,62,100.07,2897.53,0.4,140.0,CF,CAF,7.0,21.0,https://disease.sh/assets/img/flags/cf.png,1714941,34.18479320378944
1666634403401,Chad,7613,0,193,0,4874,0,2546,0,437,11,191341,10988,17413580,Africa,2287,90226,91,146.21,279.9,0.0,148.0,TD,TCD,15.0,19.0,https://disease.sh/assets/img/flags/td.png,3879297,22.277423711838694
1666634403140,Channel Islands,93507,0,204,0,92505,0,798,0,529896,1156,1252808,7099551,176463,Europe,2,865,0,4522.19,524217.54,0.0,832.0,JE,JEY,49.21,-2.13,https://disease.sh/assets/img/flags/je.png,252511,143.09571978261732
1666634402519,Chile,4718965,3867,61549,0,4643718,5520,13698,104,245139,3197,45915403,2385192,19250195,South America,4,313,0,711.58,241229.66,5.4,152.0,CL,CHL,-30.0,-71.0,https://disease.sh/assets/img/flags/cl.png,62466903,324.50010506387076
1666634403497,China,257583,221,5226,0,248573,311,3784,15,178,4,160000000,110461,1448471400,Asia,5623,277166,9,2.61,171.61,0.01,156.0,CN,CHN,35.0,105.0,https://disease.sh/assets/img/flags/cn.png,3438993000,237.4222231795533
1666634402492,Colombia,6309168,0,141827,0,6137351,0,29990,342,122478,2753,36687973,712211,51512762,South America,8,363,1,582.19,119142.34,6.64,170.0,CO,COL,4.0,-72.0,https://disease.sh/assets/img/flags/co.png,89015414,172.80264257622218
1666634403397,Comoros,8672,191,161,0,8325,9,186,0,9557,177,0,0,907419,Africa,105,5636,0,204.98,9174.37,0.0,174.0,KM,COM,-12.1667,44.25,https://disease.sh/assets/img/flags/km.png,835021,92.02154682676911
1666634403305,Congo,24837,0,386,0,24006,0,445,0,4284,67,347815,59991,5797805,Africa,233,15020,17,76.75,4140.53,0.0,178.0,CG,COG,-1.0,15.0,https://disease.sh/assets/img/flags/cg.png,833210,14.371128383931506
1666634403406,Cook Islands,6389,0,1,0,6384,0,4,0,363610,57,19690,1120596,17571,Australia-Oceania,3,17571,1,227.65,363325.93,0.0,184.0,CK,COK,-21.2333,-159.7667,https://disease.sh/assets/img/flags/ck.png,39780,226.39576575038416
1666634402696,Costa Rica,1130568,0,8982,0,860711,0,260875,52,218157,1733,4659757,899158,5182354,North America,5,577,1,50339.09,166084.95,10.03,188.0,CR,CRI,10.0,-84.0,https://disease.sh/assets/img/flags/cr.png,12112439,233.72465485761876
1666634402643,Croatia,1244692,50,17085,9,1224826,524,2781,25,306628,4209,5315060,1309358,4059286,Europe,3,238,1,685.1,301734.34,6.16,191.0,HR,HRV,45.1667,15.5,https://disease.sh/assets/img/flags/hr.png,5323857,131.1525475169771
1666634402711,Cuba,1111273,6,8530,0,1102673,2,70,23,98294,754,14184566,1254644,11305652,North America,10,1325,1,6.19,97532.9,2.03,192.0,CU,CUB,21.5,-80.0,https://disease.sh/assets/img/flags/cu.png,42269794,373.8819662943809
1666634403224,Curaçao,45434,0,289,0,44720,0,425,3,274478,1746,496693,3000640,165529,North America,4,573,0,2567.53,270164.14,18.12,531.0,CW,CUW,12.15,-68.97,https://disease.sh/assets/img/flags/cw.png,255882,154.58439306707587
1666634402896,Cyprus,596297,0,1191,0,586803,0,8303,60,487415,974,9640118,7879860,1223387,Asia,2,1027,0,6786.9,479654.43,49.04,196.0,CY,CYP,35.0,33.0,https://disease.sh/assets/img/flags/cy.png,1794533,146.68563586175102
1666634402592,Czechia,4151189,153,41497,3,4099341,1970,10351,41,386632,3865,56432617,5256007,10736784,Europe,3,259,0,964.07,381803.43,3.82,203.0,CZ,CZE,49.75,15.5,https://disease.sh/assets/img/flags/cz.png,18307809,170.51483013908074
1666634403144,Côte d'Ivoire,87700,0,827,0,86853,0,20,0,3161,30,1639204,59087,27742298,Africa,316,33546,17,0.72,3130.71,0.0,384.0,CI,CIV,8.0,-5.0,https://disease.sh/assets/img/flags/ci.png,18547812,66.85751843628816
1666634403140,DRC,93027,0,1445,0,83534,0,8048,0,977,15,846704,8890,95240792,Africa,1024,65911,112,84.5,877.08,0.0,180.0,CD,COD,0.0,25.0,https://disease.sh/assets/img/flags/cd.png,6020452,6.321295606193615
1666634402603,Denmark,3132954,1805,7286,39,3113679,2612,11989,17,536929,1249,128590840,22038036,5834950,Europe,2,801,0,2054.69,533625.65,2.91,208.0,DK,DNK,56.0,10.0,https://disease.sh/assets/img/flags/dk.png,13194615,226.13072948354312
1666634403325,Djibouti,15690,0,189,0,15427,0,74,0,15441,186,305941,301094,1016097,Africa,65,5376,3,72.83,15182.61,0.0,262.0,DJ,DJI,11.5,43.0,https://disease.sh/assets/img/flags/dj.png,267794,26.355160973804665
1666634403324,Dominica,15760,0,74,0,15673,0,13,0,217848,1023,229344,3170187,72344,North America,5,978,0,179.7,216645.47,0.0,212.0,DM,DMA,15.4167,-61.3333,https://disease.sh/assets/img/flags/dm.png,67647,93.50740904567068
1666634402833,Dominican Republic,647205,0,4384,0,642571,0,250,4,58537,397,3657057,330765,11056370,North America,17,2522,3,22.61,58117.72,0.36,214.0,DO,DOM,19.0,-70.6667,https://disease.sh/assets/img/flags/do.png,16076342,145.40343711362772
1666634402722,Ecuador,1007553,0,35908,0,970162,0,1483,759,55625,1982,3082403,170173,18113361,South America,18,504,6,81.87,53560.57,41.9,218.0,EC,ECU,-2.0,-77.5,https://disease.sh/assets/img/flags/ec.png,37260948,205.70974100278795
1666634402906,Egypt,515645,0,24613,0,442182,0,48850,122,4857,232,3693367,34792,106156692,Africa,206,4313,29,460.17,4165.37,1.15,818.0,EG,EGY,27.0,30.0,https://disease.sh/assets/img/flags/eg.png,98911424,93.17493050744271
1666634403123,El Salvador,201785,0,4230,0,179410,0,18145,8,30805,646,2610114,398467,6550389,North America,32,1549,3,2770.06,27389.21,1.22,222.0,SV,SLV,13.8333,-88.9167,https://disease.sh/assets/img/flags/sv.png,11289175,172.34358142699617
1666634403321,Equatorial Guinea,17133,0,183,0,16739,0,211,5,11447,122,365697,244342,1496662,Africa,87,8178,4,140.98,11184.22,3.34,226.0,GQ,GNQ,2.0,10.0,https://disease.sh/assets/img/flags/gq.png,488738,32.655202042946236
1666634402838,Estonia,605443,0,2729,0,524990,0,77724,8,458006,2064,3562275,2694794,1321910,Europe,2,484,0,58796.74,397145.04,6.05,233.0,EE,EST,59.0,26.0,https://disease.sh/assets/img/flags/ee.png,2065454,156.24770218849997
1666634402911,Ethiopia,493875,0,7572,0,472057,0,14246,0,4088,63,5301606,43883,120812698,Africa,245,15955,23,117.92,3907.35,0.0,231.0,ET,ETH,8.0,38.0,https://disease.sh/assets/img/flags/et.png,52509414,43.46348924348995
1666634403425,Falkland Islands (Malvinas),1930,0,0,0,1930,0,0,0,545352,0,8632,2439107,3539,South America,2,0,0,0.0,545351.79,0.0,238.0,FK,FLK,-51.75,-59.0,https://disease.sh/assets/img/flags/fk.png,4407,124.52670245832155
1666634403292,Faroe Islands,34658,0,28,0,0,0,34630,5,703959,569,778000,15802409,49233,Europe,1,1758,0,703390.0,0.0,101.56,234.0,FO,FRO,62.0,-7.0,https://disease.sh/assets/img/flags/fo.png,103894,211.02512542400422
1666634403200,Fiji,68257,0,878,0,66311,0,1068,0,75052,965,663774,729850,909466,Australia-Oceania,13,1036,1,1174.32,72912.02,0.0,242.0,FJ,FJI,-18.0,175.0,https://disease.sh/assets/img/flags/fj.png,1544186,169.7904044791119
1666634402635,Finland,1335318,0,6407,0,1296231,1695,32680,21,240383,1153,11581841,2084955,5554960,Europe,4,867,0,5883.03,233346.59,3.78,246.0,FI,FIN,64.0,26.0,https://disease.sh/assets/img/flags/fi.png,12875789,231.78904978613707
1666634402325,France,36599821,0,156337,0,35327613,0,1115871,869,558056,2384,271490188,4139547,65584518,Europe,2,420,0,17014.24,538657.81,13.25,250.0,FR,FRA,46.0,2.0,https://disease.sh/assets/img/flags/fr.png,150226192,229.05740040660208
1666634403191,French Polynesia,76731,0,649,0,0,0,76082,7,270024,2284,0,0,284164,Australia-Oceania,4,438,0,267739.76,0.0,24.63,258.0,PF,PYF,-15.0,-140.0,https://disease.sh/assets/img/flags/pf.png,496786,174.82369336017229
1666634403210,Gabon,48810,0,306,0,48353,0,151,0,20935,131,1618431,694149,2331533,Africa,48,7619,1,64.76,20738.72,0.0,266.0,GA,GAB,-1.0,11.75,https://disease.sh/assets/img/flags/ga.png,569829,24.4401001401224
1666634403329,Gambia,12508,0,372,0,12028,0,108,0,4889,145,155686,60851,2558482,Africa,205,6878,16,42.21,4701.23,0.0,270.0,GM,GMB,13.4667,-16.5667,https://disease.sh/assets/img/flags/gm.png,815861,31.88847918414122
1666634402626,Georgia,1780691,0,16900,0,1637293,0,126498,0,448679,4258,16920079,4263340,3968738,Asia,2,235,0,31873.61,412547.52,0.0,268.0,GE,GEO,42.0,43.5,https://disease.sh/assets/img/flags/ge.png,2930677,73.84405319776715
1666634402327,Germany,35172693,0,152482,0,33396300,98600,1623911,1406,419304,1818,122332384,1458359,83883596,Europe,2,550,1,19359.1,398126.71,16.76,276.0,DE,DEU,51.0,9.0,https://disease.sh/assets/img/flags/de.png,187296879,223.28189053793065
1666634403128,Ghana,170573,0,1460,0,168807,0,306,2,5265,45,2513432,77586,32395450,Africa,190,22189,13,9.45,5210.82,0.06,288.0,GH,GHA,8.0,-2.0,https://disease.sh/assets/img/flags/gh.png,20152826,62.20881636155695
1666634403314,Gibraltar,20121,0,108,0,16579,0,3434,0,596991,3204,534283,15852213,33704,Europe,2,312,0,101887.02,491900.07,0.0,292.0,GI,GIB,36.1833,-5.3667,https://disease.sh/assets/img/flags/gi.png,119855,355.6106100166152
1666634402503,Greece,5081981,0,33426,0,5008920,7926,39635,115,492601,3240,96230669,9327717,10316637,Europe,2,309,0,3841.85,485518.68,11.15,300.0,GR,GRC,39.0,22.0,https://disease.sh/assets/img/flags/gr.png,21599632,209.36698654803885
1666634403332,Greenland,11971,0,21,0,2761,0,9189,4,210117,369,164926,2894810,56973,North America,5,2713,0,161286.93,48461.55,70.21,304.0,GL,GRL,72.0,-40.0,https://disease.sh/assets/img/flags/gl.png,79745,139.96981026100082
1666634403315,Grenada,19536,0,237,0,19248,0,51,4,172161,2089,179808,1584560,113475,North America,6,479,1,449.44,169623.27,35.25,308.0,GD,GRD,12.1167,-61.6667,https://disease.sh/assets/img/flags/gd.png,90251,79.53381802159066
1666634402694,Guatemala,1136676,0,19869,0,1115467,0,1340,5,61164,1069,6050128,325555,18584039,North America,16,935,3,72.1,60022.85,0.27,320.0,GT,GTM,15.5,-90.25,https://disease.sh/assets/img/flags/gt.png,19814697,106.62212342537593
1666634403290,Guinea,37999,0,456,0,37073,0,470,8,2741,33,660107,47607,13865691,Africa,365,30407,21,33.9,2673.72,0.58,324.0,GN,GIN,11.0,-10.0,https://disease.sh/assets/img/flags/gn.png,7597562,54.79396591197655
1666634403396,Guinea-Bissau,8831,0,176,0,8310,0,345,6,4280,85,145231,70385,2063367,Africa,234,11724,14,167.2,4027.4,2.91,624.0,GW,GNB,12.0,-15.0,https://disease.sh/assets/img/flags/gw.png,673091,32.62100246829575
1666634403198,Guyana,71422,0,1281,0,70115,0,26,0,89947,1613,699600,881058,794045,South America,11,620,1,32.74,88301.04,0.0,328.0,GY,GUY,5.0,-59.0,https://disease.sh/assets/img/flags/gy.png,1017969,128.20041685294913
1666634403294,Haiti,33764,0,857,0,31434,0,1473,0,2891,73,132422,11337,11680283,North America,346,13629,88,126.11,2691.2,0.0,332.0,HT,HTI,19.0,-72.4167,https://disease.sh/assets/img/flags/ht.png,476304,4.07784640149558
1666634402927,Honduras,456988,0,11037,0,0,0,445951,105,44710,1080,1542027,150865,10221247,North America,22,926,7,43629.8,0.0,10.27,340.0,HN,HND,15.0,-86.5,https://disease.sh/assets/img/flags/hn.png,16211055,158.60153854025833
1666634402621,Hong Kong,1881007,5406,10333,7,1697169,7318,173505,10,247361,1359,66284763,8716749,7604299,Asia,4,736,0,22816.7,223185.46,1.32,344.0,HK,HKG,22.25,114.1667,https://disease.sh/assets/img/flags/hk.png,19757271,259.81712449760323
1666634402609,Hungary,2132490,0,47798,0,2049649,0,35043,18,221990,4976,11394556,1186160,9606259,Europe,5,201,1,3647.93,213365.99,1.87,348.0,HU,HUN,47.0,20.0,https://disease.sh/assets/img/flags/hu.png,16530488,172.080390503733
1666634403116,Iceland,206134,0,213,0,0,0,205921,2,596810,617,1996384,5780036,345393,Europe,2,1622,0,596193.32,0.0,5.79,352.0,IS,ISL,65.0,-18.0,https://disease.sh/assets/img/flags/is.png,805469,233.20362601442417
1666634402323,India,44644076,0,528977,0,44091906,0,23193,698,31738,376,899627428,639561,1406631776,Asia,32,2659,2,16.49,31345.73,0.5,356.0,IN,IND,20.0,77.0,https://disease.sh/assets/img/flags/in.png,2195580184,156.08777090501331
1666634402435,Indonesia,6472664,1703,158454,25,6295525,2378,18685,2771,23188,568,110065881,394311,279134505,Asia,43,1762,3,66.94,22553.73,9.93,360.0,ID,IDN,-5.0,120.0,https://disease.sh/assets/img/flags/id.png,439211020,157.34744796240793
1666634402424,Iran,7556632,535,144548,4,7330668,211,81416,148,87844,1680,54095556,628851,86022837,Asia,11,595,2,946.45,85217.7,1.72,364.0,IR,IRN,32.0,53.0,https://disease.sh/assets/img/flags/ir.png,154573470,179.68887726871876
1666634402606,Iraq,2460868,0,25356,0,2435048,0,464,21,58363,601,19350944,458934,42164965,Asia,17,1663,2,11.0,57750.5,0.5,368.0,IQ,IRQ,33.0,44.0,https://disease.sh/assets/img/flags/iq.png,19299829,45.772192624848614
1666634402629,Ireland,1670377,0,7972,0,1655280,365,7125,19,332731,1588,12766814,2543089,5020199,Europe,3,630,0,1419.27,329723.98,3.78,372.0,IE,IRL,53.0,-8.0,https://disease.sh/assets/img/flags/ie.png,11091283,220.9331343239581
1666634403289,Isle of Man,38008,0,116,0,0,0,37892,0,443335,1353,150753,1758422,85732,Europe,2,739,1,441981.99,0.0,0.0,833.0,IM,IMN,54.23,-4.55,https://disease.sh/assets/img/flags/im.png,189994,221.61386646759672
1666634402533,Israel,4677930,0,11751,0,4659855,0,6324,90,501601,1260,41373364,4436346,9326000,Asia,2,794,0,678.1,499662.77,9.65,376.0,IL,ISR,31.5,34.75,https://disease.sh/assets/img/flags/il.png,18245178,195.63776538708987
1666634402332,Italy,23359680,11605,178633,39,22672607,22923,508440,226,387630,2964,251599245,4175036,60262770,Europe,3,337,0,8437.05,376229.09,3.75,380.0,IT,ITA,42.8333,12.8333,https://disease.sh/assets/img/flags/it.png,141557007,234.89960219219927
1666634403133,Jamaica,151931,0,3320,0,99392,0,49219,0,50897,1112,1183986,396633,2985094,North America,20,899,3,16488.26,33296.1,0.0,388.0,JM,JAM,18.25,-77.5,https://disease.sh/assets/img/flags/jm.png,1493518,50.032528288891406
1666634402333,Japan,22008129,16852,46309,35,20474003,2786,1487817,115,175245,369,76864216,612050,125584838,Asia,6,2712,2,11847.11,163029.26,0.92,392.0,JP,JPN,36.0,138.0,https://disease.sh/assets/img/flags/jp.png,329022861,261.9925034262496
1666634402627,Jordan,1746997,0,14122,0,1731007,0,1868,59,169597,1371,17201885,1669945,10300869,Asia,6,729,1,181.34,168044.75,5.73,400.0,JO,JOR,31.0,36.0,https://disease.sh/assets/img/flags/jo.png,10057975,97.64200476678229
1666634402634,Kazakhstan,1394479,0,13692,0,1379922,127,865,24,72610,713,11575012,602707,19205043,Asia,14,1403,2,45.04,71852.07,1.25,398.0,KZ,KAZ,48.0,68.0,https://disease.sh/assets/img/flags/kz.png,20918681,108.92285427322396
1666634403003,Kenya,338749,0,5678,0,332837,0,234,1,6026,101,3910547,69564,56215221,Africa,166,9901,14,4.16,5920.76,0.02,404.0,KE,KEN,1.0,38.0,https://disease.sh/assets/img/flags/ke.png,21522783,38.28639755770061
1666634403422,Kiribati,3430,0,13,0,2703,0,714,3,27792,105,0,0,123419,Australia-Oceania,36,9494,0,5785.17,21901.0,24.31,296.0,KI,KIR,1.4167,173.0,https://disease.sh/assets/img/flags/ki.png,178382,144.53366175386287
1666634402832,Kuwait,661787,0,2566,0,658586,0,635,1,151082,586,8409172,1919759,4380326,Asia,7,1707,1,144.97,150350.91,0.23,414.0,KW,KWT,29.3375,47.6581,https://disease.sh/assets/img/flags/kw.png,8223203,187.73038810353384
1666634403115,Kyrgyzstan,206334,0,2991,0,196406,0,6937,131,30667,445,1907195,283460,6728271,Asia,33,2250,4,1031.02,29191.15,19.47,417.0,KG,KGZ,41.0,75.0,https://disease.sh/assets/img/flags/kg.png,3292861,48.940671384966514
1666634403114,Lao People's Democratic Republic,216183,6,758,0,0,0,215425,0,28898,101,1233207,164845,7481023,Asia,35,9869,6,28796.2,0.0,0.0,418.0,LA,LAO,18.0,105.0,https://disease.sh/assets/img/flags/la.png,11111066,148.5233503492771
1666634402819,Latvia,948611,130,6039,0,933133,1983,9439,3,513085,3266,7704267,4167088,1848837,Europe,2,306,0,5105.37,504713.5,1.62,428.0,LV,LVA,57.0,25.0,https://disease.sh/assets/img/flags/lv.png,2895716,156.6236504353818
1666634402646,Lebanon,1218082,0,10699,0,1087587,0,119796,74,182215,1600,4795578,717380,6684849,Asia,5,625,1,17920.52,162694.33,11.07,422.0,LB,LBN,33.8333,35.8333,https://disease.sh/assets/img/flags/lb.png,5789338,86.60387093261194
1666634403293,Lesotho,34490,0,706,0,25980,0,7804,0,15852,324,431221,198199,2175699,Africa,63,3082,5,3586.89,11940.99,0.0,426.0,LS,LSO,-29.5,28.5,https://disease.sh/assets/img/flags/ls.png,1077116,49.50666429501507
1666634403398,Liberia,7988,0,294,0,7682,0,12,2,1506,55,139824,26356,5305117,Africa,664,18045,38,2.26,1448.04,0.38,430.0,LR,LBR,6.5,-9.5,https://disease.sh/assets/img/flags/lr.png,4061384,76.55597416607401
1666634402908,Libyan Arab Jamahiriya,507034,10,6437,0,500555,8,42,0,72014,914,2482676,352616,7040745,Africa,14,1094,3,5.97,71094.04,0.0,434.0,LY,LBY,25.0,17.0,https://disease.sh/assets/img/flags/ly.png,3716080,52.779641927097195
1666634403313,Liechtenstein,20541,1,86,0,20231,3,224,2,535103,2240,102174,2661682,38387,Europe,2,446,0,5835.31,527027.38,52.1,438.0,LI,LIE,47.1667,9.5333,https://disease.sh/assets/img/flags/li.png,71959,187.4566910672884
1666634402642,Lithuania,1265161,29,9381,0,1244038,1810,11742,7,475319,3524,10214152,3837443,2661708,Europe,2,284,0,4411.45,467383.35,2.63,440.0,LT,LTU,56.0,24.0,https://disease.sh/assets/img/flags/lt.png,4512655,169.53982179863456
1666634403010,Luxembourg,297757,0,1133,0,288991,0,7633,0,463528,1764,4412567,6869188,642371,Europe,2,567,0,11882.54,449881.77,0.0,442.0,LU,LUX,49.75,6.1667,https://disease.sh/assets/img/flags/lu.png,1350776,210.2797293153022
1666634403432,Macao,793,0,6,0,787,0,0,0,1188,9,7850,11760,667490,Asia,842,111248,85,0.0,1179.04,0.0,446.0,MO,MAC,22.1667,113.55,https://disease.sh/assets/img/flags/mo.png,1507144,225.79274595874094
1666634403001,Macedonia,343850,0,9559,0,334007,0,284,0,165209,4593,2138763,1027607,2081304,Europe,6,218,1,136.45,160479.68,0.0,807.0,MK,MKD,41.8333,22.0,https://disease.sh/assets/img/flags/mk.png,1861953,89.46088605989321
1666634403202,Madagascar,66706,0,1411,0,65278,0,17,0,2286,48,512993,17581,29178077,Africa,437,20679,57,0.58,2237.23,0.0,450.0,MG,MDG,-20.0,47.0,https://disease.sh/assets/img/flags/mg.png,1999667,6.8533200457315955
1666634403142,Malawi,88073,0,2683,0,84974,0,416,67,4364,133,619438,30694,20180839,Africa,229,7522,33,20.61,4210.63,3.32,454.0,MW,MWI,-13.5,34.0,https://disease.sh/assets/img/flags/mw.png,5619203,27.844248695507655
1666634402515,Malaysia,4882059,0,36444,0,4818237,0,27378,43,147134,1098,65164447,1963904,33181072,Asia,7,910,1,825.11,145210.41,1.3,458.0,MY,MYS,2.5,112.5,https://disease.sh/assets/img/flags/my.png,72172030,217.50963923046248
1666634403126,Maldives,185194,0,308,0,163687,0,21199,25,342327,569,2213831,4092223,540985,Asia,3,1756,0,39185.93,302572.16,46.21,462.0,MV,MDV,3.25,73.0,https://disease.sh/assets/img/flags/mv.png,951199,175.82724105104577
1666634403295,Mali,32715,0,742,0,31881,0,92,0,1523,35,767231,35729,21473764,Africa,656,28940,28,4.28,1484.65,0.0,466.0,ML,MLI,17.0,-4.0,https://disease.sh/assets/img/flags/ml.png,3358891,15.641836242588864
1666634403136,Malta,115215,18,808,0,113668,24,739,4,259474,1820,2073932,4670671,444033,Europe,4,550,0,1664.29,255989.98,9.01,470.0,MT,MLT,35.8333,14.5833,https://disease.sh/assets/img/flags/mt.png,1339497,301.6660923850254
1666634403204,Mauritania,63280,0,997,0,62049,0,234,0,12909,203,988980,201751,4901981,Africa,77,4917,5,47.74,12657.94,0.0,478.0,MR,MRT,20.0,-12.0,https://disease.sh/assets/img/flags/mr.png,3252274,66.34611598861765
1666634403227,Mauritius,40589,0,1030,0,38918,0,641,0,31841,808,358675,281374,1274727,Africa,31,1238,4,502.85,30530.46,0.0,480.0,MU,MUS,-20.2833,57.55,https://disease.sh/assets/img/flags/mu.png,2609428,204.7048505287799
1666634402433,Mexico,7106865,0,330331,0,6379828,0,396706,4798,54019,2511,18523417,140795,131562772,North America,19,398,7,3015.34,48492.65,36.47,484.0,MX,MEX,23.0,-102.0,https://disease.sh/assets/img/flags/mx.png,223158993,169.62168674889278
1666634402903,Moldova,592476,0,11878,0,504142,0,76456,49,147633,2960,3216305,801437,4013171,Europe,7,338,1,19051.27,125621.86,12.21,498.0,MD,MDA,47.0,29.0,https://disease.sh/assets/img/flags/md.png,2241785,55.86068971394441
1666634403328,Monaco,14885,0,63,0,14744,0,78,4,374155,1584,78646,1976875,39783,Europe,3,631,1,1960.64,370610.56,100.55,492.0,MC,MCO,43.7333,7.4,https://disease.sh/assets/img/flags/mc.png,65140,163.73828016992184
1666634402734,Mongolia,984253,0,2179,0,981336,0,738,192,291365,645,4030048,1193000,3378078,Asia,3,1550,1,218.47,290501.29,56.84,496.0,MN,MNG,46.0,105.0,https://disease.sh/assets/img/flags/mn.png,5492919,162.60485992330553
1666634403012,Montenegro,282314,32,2785,0,279050,55,479,6,449580,4435,2644322,4211039,627950,Europe,2,225,0,762.8,444382.51,9.55,499.0,ME,MNE,42.0,19.0,https://disease.sh/assets/img/flags/me.png,679171,108.15685962258141
1666634403429,Montserrat,1403,0,8,0,1376,0,19,0,282578,1611,17762,3577442,4965,North America,4,621,0,3826.79,277139.98,0.0,500.0,MS,MSR,16.75,-62.2,https://disease.sh/assets/img/flags/ms.png,4564,91.92346424974824
1666634402640,Morocco,1265396,7,16280,0,1248935,12,181,293,33500,431,12647649,334835,37772756,Africa,30,2320,3,4.79,33064.44,7.76,504.0,MA,MAR,32.0,-5.0,https://disease.sh/assets/img/flags/ma.png,55299169,146.39961404987233
1666634403099,Mozambique,230370,0,2224,0,228146,0,0,11,6962,67,1371127,41437,33089461,Africa,144,14878,24,0.0,6894.82,0.33,508.0,MZ,MOZ,-18.25,35.0,https://disease.sh/assets/img/flags/mz.png,24676660,74.57558767729701
1666634402834,Myanmar,629926,0,19472,0,597898,0,12556,0,11406,353,9056450,163985,55227143,Asia,88,2836,6,227.35,10826.16,0.0,104.0,MM,MMR,22.0,98.0,https://disease.sh/assets/img/flags/mm.png,64549994,116.8809221219356
1666634403131,Namibia,169253,0,4065,0,164813,0,375,0,64260,1543,1062663,403460,2633874,Africa,16,648,2,142.38,62574.37,0.0,516.0,,NAM,-22.0,17.0,https://disease.sh/assets/img/flags/na.png,958674,36.39786869075742
1666634403420,Nauru,4611,0,1,0,4605,0,5,0,422911,92,20509,1881042,10903,Australia-Oceania,2,10903,1,458.59,422360.82,0.0,520.0,NR,NRU,-0.5333,166.9167,https://disease.sh/assets/img/flags/nr.png,25172,230.8722369989911
1666634402727,Nepal,1000495,40,12019,1,987784,43,692,0,33101,398,5954171,196991,30225582,Asia,30,2515,5,22.89,32680.4,0.0,524.0,NP,NPL,28.0,84.0,https://disease.sh/assets/img/flags/np.png,59014127,195.2456267012493
1666634402421,Netherlands,8494705,0,22770,0,8392689,1927,79246,50,493550,1323,21107399,1226358,17211447,Europe,2,756,1,4604.26,487622.51,2.91,528.0,NL,NLD,52.5,5.75,https://disease.sh/assets/img/flags/nl.png,36104942,209.7728447817316
1666634403192,New Caledonia,74244,0,314,0,73912,0,18,9,255209,1079,98964,340182,290915,Australia-Oceania,4,926,3,61.87,254067.34,30.94,540.0,NC,NCL,-21.5,165.5,https://disease.sh/assets/img/flags/nc.png,469464,161.3749720708798
1666634402624,New Zealand,1814890,0,3047,0,1798540,0,13303,0,370522,622,7544063,1540170,4898203,Australia-Oceania,3,1608,1,2715.89,367183.64,0.0,554.0,NZ,NZL,-41.0,174.0,https://disease.sh/assets/img/flags/nz.png,11780750,240.51167336265974
1666634403317,Nicaragua,18491,0,225,0,4225,0,14041,0,2728,33,0,0,6779100,North America,367,30129,0,2071.22,623.24,0.0,558.0,NI,NIC,13.0,-85.0,https://disease.sh/assets/img/flags/ni.png,11890941,175.40589458777714
1666634403394,Niger,9931,0,312,0,8890,0,729,1,381,12,254538,9759,26083660,Africa,2626,83601,102,27.95,340.83,0.04,562.0,NE,NER,16.0,8.0,https://disease.sh/assets/img/flags/ne.png,4534315,17.383737558302784
1666634403093,Nigeria,266043,0,3155,0,259388,0,3500,11,1227,15,5441162,25104,216746934,Africa,815,68700,40,16.15,1196.73,0.05,566.0,NG,NGA,10.0,8.0,https://disease.sh/assets/img/flags/ng.png,80602232,37.1872535922469
1666634403437,Niue,85,1,0,0,83,1,2,0,52404,0,0,0,1622,Australia-Oceania,19,0,0,1233.05,51171.39,0.0,570.0,NU,NIU,-19.0333,-169.8667,https://disease.sh/assets/img/flags/nu.png,4180,257.70653514180026
1666634402632,Norway,1463998,0,4187,0,1458721,0,1090,20,265632,760,11002430,1996315,5511370,Europe,4,1316,1,197.77,264674.84,3.63,578.0,NO,NOR,62.0,10.0,https://disease.sh/assets/img/flags/no.png,12071832,219.0350493615925
1666634402999,Oman,398660,0,4260,0,384669,0,9731,2,74880,800,25000000,4695724,5323993,Asia,13,1250,0,1827.76,72251.97,0.38,512.0,OM,OMN,21.0,57.0,https://disease.sh/assets/img/flags/om.png,7084586,133.06903296078713
1666634402631,Pakistan,1573725,35,30624,0,1538689,0,4412,44,6858,133,30570862,133213,229488994,Asia,146,7494,8,19.23,6704.85,0.19,586.0,PK,PAK,30.0,70.0,https://disease.sh/assets/img/flags/pk.png,298941643,130.26404351225662
1666634402835,Palestine,620794,0,5404,0,614946,0,444,17,116133,1011,3078533,575907,5345541,Asia,9,989,2,83.06,115039.06,3.18,275.0,PS,PSE,32.0,35.25,https://disease.sh/assets/img/flags/ps.png,3741181,69.98694800021177
1666634402731,Panama,989005,0,8506,0,979570,0,929,16,222400,1913,7126135,1602472,4446964,North America,4,523,1,208.91,220278.37,3.6,591.0,PA,PAN,9.0,-80.0,https://disease.sh/assets/img/flags/pa.png,8645001,194.4023158271576
1666634403225,Papua New Guinea,45328,0,668,0,43982,0,678,7,4878,72,249149,26813,9292169,Australia-Oceania,205,13910,37,72.96,4733.23,0.75,598.0,PG,PNG,-6.0,147.0,https://disease.sh/assets/img/flags/pg.png,676996,7.285661722252361
1666634402829,Paraguay,717628,0,19598,0,697990,0,40,7,98227,2683,2657506,363751,7305843,South America,10,373,3,5.48,95538.6,0.96,600.0,PY,PRY,-23.0,-58.0,https://disease.sh/assets/img/flags/py.png,9419313,128.92848915587155
1666634402538,Peru,4152499,0,216877,0,3932202,388,3420,95,123277,6439,35610210,1057178,33684208,South America,8,155,1,101.53,116737.26,2.82,604.0,PE,PER,-10.0,-76.0,https://disease.sh/assets/img/flags/pe.png,84930701,252.1380375041028
1666634402595,Philippines,3995967,1334,63814,35,3909303,1817,22850,638,35517,567,33198174,295071,112508994,Asia,28,1763,3,203.09,34746.58,5.67,608.0,PH,PHL,13.0,122.0,https://disease.sh/assets/img/flags/ph.png,166730872,148.1933719894429
1666634402437,Poland,6335060,173,118029,0,5335940,0,881091,3650,167862,3127,37584446,995884,37739785,Europe,6,320,1,23346.48,141387.66,96.71,616.0,PL,POL,52.0,20.0,https://disease.sh/assets/img/flags/pl.png,57269433,151.74816973652605
1666634402493,Portugal,5509424,0,25125,0,5454284,1882,30015,61,543305,2478,45059939,4443531,10140570,Europe,2,404,0,2959.89,537867.6,6.02,620.0,PT,PRT,39.5,-8.0,https://disease.sh/assets/img/flags/pt.png,25965516,256.0557838464702
1666634402914,Qatar,466145,529,684,0,463494,489,1967,2,156429,230,4021824,1349644,2979915,Asia,6,4357,1,660.09,155539.34,0.67,634.0,QA,QAT,25.5,51.25,https://disease.sh/assets/img/flags/qa.png,7557802,253.62475104155658
1666634402597,Romania,3283658,305,67165,2,3208413,298,8080,96,172540,3529,25386941,1333955,19031335,Europe,6,283,1,424.56,168585.81,5.04,642.0,RO,ROU,46.0,25.0,https://disease.sh/assets/img/flags/ro.png,16827486,88.41989277157907
1666634402387,Russia,21380264,7329,389626,89,20727435,8329,263203,2300,146635,2672,273400000,1875095,145805947,Europe,7,374,1,1805.16,142157.68,15.77,643.0,RU,RUS,60.0,100.0,https://disease.sh/assets/img/flags/ru.png,179768583,123.29303893208142
1666634403135,Rwanda,132533,0,1467,0,131047,0,19,0,9745,108,5841019,429472,13600464,Africa,103,9271,2,1.4,9635.48,0.0,646.0,RW,RWA,-2.0,30.0,https://disease.sh/assets/img/flags/rw.png,26106436,191.95253926630738
1666634402329,S. Korea,25311636,14302,29000,10,24882507,28587,400129,226,493117,565,15804065,307892,51329899,Asia,2,1770,3,7795.24,484756.59,4.4,410.0,KR,KOR,37.0,127.5,https://disease.sh/assets/img/flags/kr.png,129448421,252.18912080851746
1666634403427,Saint Helena,1794,0,0,0,2,0,1792,0,293377,0,0,0,6115,Africa,3,0,0,293049.88,327.06,0.0,654.0,SH,SHN,-15.9333,-5.7,https://disease.sh/assets/img/flags/sh.png,7892,129.0596892886345
1666634403405,Saint Kitts and Nevis,6548,0,46,0,6482,0,20,0,121550,854,124861,2317778,53871,North America,8,1171,0,371.26,120324.48,0.0,659.0,KN,KNA,17.3333,-62.75,https://disease.sh/assets/img/flags/kn.png,64225,119.21998849102486
1666634403301,Saint Lucia,29550,0,404,0,29095,0,51,0,159632,2182,210983,1139752,185113,North America,6,458,1,275.51,157174.27,0.0,662.0,LC,LCA,13.8833,-61.1333,https://disease.sh/assets/img/flags/lc.png,133286,72.00250657706374
1666634403403,Saint Vincent and the Grenadines,7112,0,115,0,6641,0,356,0,63756,1031,100856,904125,111551,North America,16,970,1,3191.37,59533.31,0.0,670.0,VC,VCT,13.25,-61.2,https://disease.sh/assets/img/flags/vc.png,72875,65.32886303125925
1666634403323,Samoa,15946,0,29,0,1605,0,14312,4,78847,143,187397,926612,202239,Australia-Oceania,13,6974,1,70767.75,7936.15,19.78,882.0,WS,WSM,-13.5833,-172.3333,https://disease.sh/assets/img/flags/ws.png,448674,221.85335172741162
1666634403311,San Marino,21452,0,119,0,21097,0,236,4,629368,3491,157634,4624732,34085,Europe,2,286,0,6923.87,618952.62,117.35,674.0,SM,SMR,43.7667,12.4167,https://disease.sh/assets/img/flags/sm.png,69338,203.42672729939855
1666634403416,Sao Tome and Principe,6263,0,77,0,6175,0,11,0,27508,338,29036,127530,227679,Africa,36,2957,8,48.31,27121.52,0.0,678.0,ST,STP,1.0,7.0,https://disease.sh/assets/img/flags/st.png,227603,99.96661967067669
1666634402823,Saudi Arabia,820644,310,9395,2,806919,245,4330,62,22894,262,44521453,1242058,35844909,Asia,44,3815,1,120.8,22511.4,1.73,682.0,SA,SAU,25.0,45.0,https://disease.sh/assets/img/flags/sa.png,67839503,189.25840486859656
1666634403141,Senegal,88679,15,1968,0,86609,0,102,0,5023,111,1146543,64946,17653671,Africa,199,8970,15,5.78,4906.01,0.0,686.0,SN,SEN,14.0,-14.0,https://disease.sh/assets/img/flags/sn.png,2469499,13.988586283272186
1666634402607,Serbia,2396512,0,17186,0,2354288,0,25038,31,276957,1986,11290474,1304802,8653016,Europe,4,503,1,2893.56,272077.16,3.58,688.0,RS,SRB,44.0,21.0,https://disease.sh/assets/img/flags/rs.png,8534688,98.63252304167703
1666634403211,Seychelles,47141,0,169,0,46446,0,526,0,474132,1700,0,0,99426,Africa,2,588,0,5290.37,467141.39,0.0,690.0,SC,SYC,-4.5833,55.6667,https://disease.sh/assets/img/flags/sc.png,215396,216.63951079194578
1666634403399,Sierra Leone,7752,0,126,0,0,0,7626,0,933,15,259958,31296,8306436,Africa,1072,65924,32,918.08,0.0,0.0,694.0,SL,SLE,8.5,-11.5,https://disease.sh/assets/img/flags/sl.png,4334743,52.18535362217923
1666634402617,Singapore,2064163,0,1662,0,1971947,0,90554,9,347295,280,24548641,4130302,5943546,Asia,3,3576,0,15235.69,331779.55,1.51,702.0,SG,SGP,1.3667,103.8,https://disease.sh/assets/img/flags/sg.png,14715892,247.59448315870696
1666634403391,Sint Maarten,10908,0,87,0,10806,0,15,0,248101,1979,62056,1411454,43966,North America,4,505,1,341.17,245780.83,0.0,534.0,SX,SXM,18.02,-63.06,https://disease.sh/assets/img/flags/sx.png,65324,148.57844698175865
1666634402623,Slovakia,1851312,29,20564,7,1826744,49,4004,45,339056,3766,7325934,1341699,5460193,Europe,3,266,1,733.31,334556.67,8.24,703.0,SK,SVK,48.6667,19.5,https://disease.sh/assets/img/flags/sk.png,5754313,105.38662278055007
1666634402645,Slovenia,1226109,421,6875,3,1196559,754,22675,20,590033,3308,2761408,1328856,2078034,Europe,2,302,1,10911.76,575813.0,9.62,705.0,SI,SVN,46.0,15.0,https://disease.sh/assets/img/flags/si.png,2996643,144.20567709671738
1666634403310,Solomon Islands,21544,0,153,0,16357,0,5034,1,29874,212,5117,7096,721159,Australia-Oceania,33,4713,141,6980.43,22681.54,1.39,90.0,SB,SLB,-8.0,159.0,https://disease.sh/assets/img/flags/sb.png,542968,75.29102458681095
1666634403303,Somalia,27223,0,1361,0,13182,0,12680,0,1616,81,400466,23778,16841795,Africa,619,12375,42,752.89,782.7,0.0,706.0,SO,SOM,10.0,49.0,https://disease.sh/assets/img/flags/so.png,7198588,42.74240364521715
1666634402593,South Africa,4025375,0,102257,0,3912506,0,10612,192,66255,1683,26174429,430811,60756135,Africa,15,594,2,174.67,64396.89,3.16,710.0,ZA,ZAF,-29.0,24.0,https://disease.sh/assets/img/flags/za.png,37758822,62.14816330893991
1666634403319,South Sudan,17823,0,138,0,17335,0,350,1,1534,12,410280,35313,11618511,Africa,652,84192,28,30.12,1492.02,0.09,728.0,SS,SSD,6.8769,31.3069,https://disease.sh/assets/img/flags/ss.png,2169761,18.675035036761596
1666634402403,Spain,13488015,0,114858,0,13276258,0,96899,339,288704,2458,471036328,10082298,46719142,Europe,3,407,0,2074.07,284171.7,7.26,724.0,ES,ESP,40.0,-4.0,https://disease.sh/assets/img/flags/es.png,95804542,205.06485756951616
1666634402831,Sri Lanka,670994,0,16774,0,654143,0,77,0,31099,777,6486117,300619,21575842,Asia,32,1286,3,3.57,30318.31,0.0,144.0,LK,LKA,7.0,81.0,https://disease.sh/assets/img/flags/lk.png,40008219,185.4306265312844
1666634403203,Sudan,63449,0,4964,0,57557,32,928,0,1380,108,562941,12240,45992020,Africa,725,9265,82,20.18,1251.46,0.0,729.0,SD,SDN,15.0,30.0,https://disease.sh/assets/img/flags/sd.png,8179010,17.78354157960446
1666634403187,Suriname,81158,0,1386,0,0,0,79772,0,135982,2322,239377,401080,596831,South America,7,431,2,133659.28,0.0,0.0,740.0,SR,SUR,4.0,-56.0,https://disease.sh/assets/img/flags/sr.png,505699,84.73068590606051
1666634403194,Swaziland,73526,0,1422,0,72024,0,80,0,62057,1200,1045903,882755,1184817,Africa,16,833,1,67.52,60789.13,0.0,748.0,SZ,SWZ,-26.5,31.5,https://disease.sh/assets/img/flags/sz.png,773579,65.29101118569366
1666634402604,Sweden,2608289,0,20531,0,2564385,759,23373,19,255240,2009,19031688,1862388,10218971,Europe,4,498,1,2287.22,250943.56,1.86,752.0,SE,SWE,62.0,15.0,https://disease.sh/assets/img/flags/se.png,24699097,241.69847433758252
1666634402536,Switzerland,4181255,0,14211,0,4062023,2473,105021,64,476570,1620,22569375,2572408,8773637,Europe,2,617,0,11970.06,462980.52,7.29,756.0,CH,CHE,47.0,8.0,https://disease.sh/assets/img/flags/ch.png,16135304,183.90667405090957
1666634403207,Syrian Arab Republic,57344,0,3163,0,54166,0,15,0,2961,163,146269,7553,19364809,Asia,338,6122,132,0.77,2797.14,0.0,760.0,SY,SYR,35.0,38.0,https://disease.sh/assets/img/flags/sy.png,4777586,24.67148527000705
1666634402431,Taiwan,7476478,26357,12385,62,6618264,49454,845829,0,312973,518,27403211,1147125,23888595,Asia,3,1929,1,35407.23,277047.02,0.0,158.0,TW,TWN,23.5,121.0,https://disease.sh/assets/img/flags/tw.png,62864570,263.1572513996742
1666634403320,Tajikistan,17786,0,125,0,17264,0,397,0,1786,13,0,0,9957464,Asia,560,79660,0,39.87,1733.77,0.0,762.0,TJ,TJK,39.0,71.0,https://disease.sh/assets/img/flags/tj.png,15441380,155.07342030059058
1666634403230,Tanzania,39679,0,845,0,0,0,38834,7,627,13,0,0,63298550,Africa,1595,74910,0,613.51,0.0,0.11,834.0,TZ,TZA,-6.0,35.0,https://disease.sh/assets/img/flags/tz.png,28091873,44.379962890145194
1666634402521,Thailand,4689897,0,32922,0,4649509,0,7466,1496,66924,470,17270775,246450,70078203,Asia,15,2129,4,106.54,66347.43,21.35,764.0,TH,THA,15.0,100.0,https://disease.sh/assets/img/flags/th.png,142635014,203.53691717808462
1666634403306,Timor-Leste,23297,0,138,0,23102,0,57,0,17012,101,278529,203391,1369429,Asia,59,9923,5,41.62,16869.8,0.0,626.0,TL,TLS,-8.55,125.5167,https://disease.sh/assets/img/flags/tl.png,1842717,134.56097395337764
1666634403287,Togo,39284,0,289,0,38953,0,42,0,4525,33,796575,91762,8680837,Africa,221,30037,11,4.84,4487.24,0.0,768.0,TG,TGO,8.0,1.1667,https://disease.sh/assets/img/flags/tg.png,3295699,37.96522155640061
1666634403322,Tonga,16182,0,12,0,15638,0,532,0,150182,111,535009,4965327,107749,Australia-Oceania,7,8979,0,4937.4,145133.6,0.0,776.0,TO,TON,-20.0,-175.0,https://disease.sh/assets/img/flags/to.png,204938,190.1994450064502
1666634403127,Trinidad and Tobago,184524,0,4241,0,177580,0,2703,8,131186,3015,842716,599122,1406585,North America,8,332,2,1921.68,126249.04,5.69,780.0,TT,TTO,11.0,-61.0,https://disease.sh/assets/img/flags/tt.png,1580898,112.39263890913098
1666634402692,Tunisia,1146044,0,29257,0,0,0,1116787,101,95134,2429,4958678,411623,12046656,Africa,11,412,2,92705.15,0.0,8.38,788.0,TN,TUN,34.0,9.0,https://disease.sh/assets/img/flags/tn.png,14827155,123.08108573864813
1666634402389,Turkey,16919638,0,101203,0,16818435,0,0,0,197747,1183,162743369,1902052,85561976,Asia,5,845,1,0.0,196564.36,0.0,792.0,TR,TUR,39.0,35.0,https://disease.sh/assets/img/flags/tr.png,152439487,178.16265370028387
1666634403415,Turks and Caicos Islands,6380,0,36,0,6321,0,23,4,160539,906,550093,13841952,39741,North America,6,1104,0,578.75,159054.88,100.65,796.0,TC,TCA,21.75,-71.5833,https://disease.sh/assets/img/flags/tc.png,72837,183.27923303389446
1666634403493,Tuvalu,20,0,0,0,0,0,20,0,1658,0,0,0,12066,Australia-Oceania,603,0,0,1657.55,0.0,0.0,798.0,TV,TUV,-8.0,178.0,https://disease.sh/assets/img/flags/tv.png,25591,212.0918282778054
1666634402720,UAE,1035430,334,2348,0,1014277,307,18805,0,102703,233,194170787,19259564,10081785,Asia,10,4294,0,1865.25,100604.9,0.0,784.0,AE,ARE,24.0,54.0,https://disease.sh/assets/img/flags/ae.png,24922054,247.19882441452577
1666634402330,UK,23855522,0,192682,0,23468282,7711,194558,146,348266,2813,522526476,7628357,68497907,Europe,3,355,0,2840.35,342613.13,2.13,826.0,GB,GBR,54.0,-2.0,https://disease.sh/assets/img/flags/gb.png,151248820,220.8079438106043
1666634402321,USA,99087548,0,1092948,0,96546740,0,1447860,2658,295956,3264,1126646770,3365081,334805269,North America,3,306,0,4324.48,288366.85,7.94,840.0,US,USA,38.0,-97.0,https://disease.sh/assets/img/flags/us.png,632905664,189.0369485194691
1666634403130,Uganda,169396,0,3628,0,100431,0,65337,3,3498,75,3012408,62198,48432863,Africa,286,13350,16,1349.02,2073.61,0.06,800.0,UG,UGA,1.0,32.0,https://disease.sh/assets/img/flags/ug.png,25783131,53.23478605838354
1666634402497,Ukraine,5279346,0,109819,0,5104085,6115,65442,0,122229,2543,32495903,752357,43192122,Europe,8,393,1,1515.14,118171.67,0.0,804.0,UA,UKR,49.0,32.0,https://disease.sh/assets/img/flags/ua.png,31668577,73.32026196814317
1666634402732,Uruguay,988527,0,7510,0,980097,0,920,18,282758,2148,6114822,1749083,3496016,South America,4,466,1,263.16,280346.83,5.15,858.0,UY,URY,-33.0,-56.0,https://disease.sh/assets/img/flags/uy.png,8742931,250.08269412954633
1666634403096,Uzbekistan,244450,0,1637,0,241486,0,1327,23,7110,48,1377915,40077,34382084,Asia,141,21003,25,38.6,7023.6,0.67,860.0,UZ,UZB,41.0,64.0,https://disease.sh/assets/img/flags/uz.png,69218586,201.32167090278762
1666634403387,Vanuatu,11951,0,14,0,11931,0,6,0,37134,44,24976,77606,321832,Australia-Oceania,27,22988,13,18.64,37072.14,0.0,548.0,VU,VUT,-16.0,167.0,https://disease.sh/assets/img/flags/vu.png,292146,90.77593278480698
1666634402905,Venezuela,545608,0,5820,0,539028,0,760,36,18642,199,3359014,114771,29266991,South America,54,5029,9,25.97,18417.61,1.23,862.0,VE,VEN,8.0,-66.0,https://disease.sh/assets/img/flags/ve.png,37860994,129.36414952941354
1666634402415,Vietnam,11497533,546,43161,2,10601089,124,853283,47,116191,436,85826548,867342,98953541,Asia,9,2293,1,8623.07,107131.98,0.47,704.0,VN,VNM,21.0,105.8,https://disease.sh/assets/img/flags/vn.png,260246761,262.9989370466288
1666634403434,Wallis and Futuna,761,0,7,0,438,0,316,0,69295,637,20508,1867419,10982,Australia-Oceania,14,1569,1,28774.36,39883.45,0.0,876.0,WF,WLF,-13.3,-176.2,https://disease.sh/assets/img/flags/wf.png,17959,163.53123292660717
1666634403389,Yemen,11939,0,2158,0,9124,0,657,23,383,69,329592,10579,31154867,Asia,2610,14437,95,21.09,292.86,0.74,887.0,YE,YEM,15.0,48.0,https://disease.sh/assets/img/flags/ye.png,1065395,3.419674364201266
1666634403006,Zambia,333644,0,4017,0,329585,0,42,0,17136,206,3743876,192287,19470234,Africa,58,4847,5,2.16,16927.63,0.0,894.0,ZM,ZMB,-15.0,30.0,https://disease.sh/assets/img/flags/zm.png,11450011,58.807772931748026
1666634403095,Zimbabwe,257893,0,5606,0,251904,0,383,12,16821,366,2525756,164744,15331428,Africa,59,2735,6,24.98,16430.56,0.78,716.0,ZW,ZWE,-20.0,30.0,https://disease.sh/assets/img/flags/zw.png,12222754,79.72351955734325
